{"lvSESlope": 3.728410229086876e-05, "vRegAtCal": 0.0, "dac0Offset": -0.8768127686344087, "hvAIN2Slope": 0.00031542545184493065, "tempSlope": 0.012588583398610353, "lvSEOffset": 0.0021823423448950052, "hvAIN1Offset": -10.580679049249738, "lvDiffSlope": 7.477705366909504e-05, "hvAIN2Offset": -10.376966070849448, "vRefAtCAl": 2.4599065389484167, "lvDiffOffset": -2.459864164935425, "dac1Slope": 51.196289794752374, "hvAIN1Slope": 0.00032082246616482735, "hvAIN3Slope": 0.00031556817702949047, "dac1Offset": -0.7354032981675118, "vRef1.5AtCal": 0.0, "dac0Slope": 51.240931920940056, "hvAIN3Offset": -10.395174683071673, "hvAIN0Offset": -10.385076188249514, "hvAIN0Slope": 0.00031569087877869606}